{
  "layouts" : [
    {
      "borderXPadding" : 31,
      "elementXPadding" : 32,
      "id" : "originalLayout",
      "borderYPadding" : 32,
      "isOptimised" : false,
      "isEdited" : false,
      "canvasWidth" : 1080,
      "userRating" : 0,
      "canvasHeight" : 1920,
      "elementYPadding" : 32,
      "score" : 0,
      "elements" : [
        {
          "id" : "<ImageElement: 0x600003b617a0>",
          "horizontalPreference" : "None",
          "verticalPreference" : "None",
          "x" : 32,
          "fillColorGreenValue" : 194,
          "y" : 64,
          "isDrawingFill" : 1,
          "width" : 265,
          "type" : "TextElement",
          "fillColorBlueValue" : 255,
          "fillColorRedValue" : 28,
          "isLocked" : true,
          "height" : 145
        },
        {
          "id" : "<HeadingImageElement: 0x600003b616c0>",
          "horizontalPreference" : "None",
          "verticalPreference" : "Top",
          "x" : 407,
          "fillColorGreenValue" : 255,
          "y" : 64,
          "isDrawingFill" : 1,
          "width" : 641,
          "type" : "HeadingImageElement",
          "fillColorBlueValue" : 255,
          "fillColorRedValue" : 255,
          "isLocked" : "false",
          "height" : 140
        },
        {
          "id" : "<ImageElement: 0x600003b5c540>",
          "horizontalPreference" : "None",
          "verticalPreference" : "None",
          "x" : -1,
          "fillColorGreenValue" : 255,
          "y" : -1,
          "isDrawingFill" : 1,
          "width" : 559,
          "type" : "ImageElement",
          "fillColorBlueValue" : 255,
          "fillColorRedValue" : 255,
          "isLocked" : "false",
          "height" : 549
        },
        {
          "id" : "<HeadingImageElement: 0x600003b61960>",
          "horizontalPreference" : "None",
          "verticalPreference" : "None",
          "x" : -1,
          "fillColorGreenValue" : 255,
          "y" : -1,
          "isDrawingFill" : 1,
          "width" : 600,
          "type" : "HeadingImageElement",
          "fillColorBlueValue" : 255,
          "fillColorRedValue" : 255,
          "isLocked" : "false",
          "height" : 128
        },
        {
          "id" : "<ParagraphImageElement: 0x600003b61a40>",
          "horizontalPreference" : "None",
          "verticalPreference" : "None",
          "x" : -1,
          "fillColorGreenValue" : 255,
          "y" : -1,
          "isDrawingFill" : 1,
          "width" : 585,
          "type" : "ParagraphImageElement",
          "fillColorBlueValue" : 255,
          "fillColorRedValue" : 255,
          "isLocked" : "false",
          "height" : 730
        },
        {
          "id" : "<HeadingImageElement: 0x600003b55960>",
          "horizontalPreference" : "None",
          "verticalPreference" : "Bottom",
          "x" : -1,
          "fillColorGreenValue" : 66,
          "y" : -1,
          "isDrawingFill" : 1,
          "width" : 885,
          "type" : "HeadingImageElement",
          "fillColorBlueValue" : 72,
          "fillColorRedValue" : 68,
          "isLocked" : "false",
          "height" : 107
        },
        {
          "id" : "<ListElement: 0x600003b14fc0>",
          "horizontalPreference" : "None",
          "verticalPreference" : "None",
          "x" : -1,
          "fillColorGreenValue" : 255,
          "y" : -1,
          "isDrawingFill" : 1,
          "width" : 215,
          "type" : "ListElement",
          "fillColorBlueValue" : 255,
          "fillColorRedValue" : 255,
          "isLocked" : "false",
          "height" : 1430
        }
      ],
      "isSaved" : false
    }
  ]
}