,,Mayoral Election,,,,,,,,,,,,,,,,,,,,,,,,,,,,,,,,,,,,Assembly List,,,,,,,,,,,,,,,,,,,,,,,,,,,,,,,,,,,,Constituency Assembly,,,,,,,,,,,,,,,,,,,,,,,,,,,,,,,,,,,
,,Winner,,,,Winning Majority,,,,Turnout,,,,% Con,,,,% Lab,,,,% Lib Dem,,,,% Green,,,,% UKIP,,,,% Others,,,,Winner,,,,Winning Majority,,,,Turnout,,,,% Con,,,,% Lab,,,,% Lib Dem,,,,% Green,,,,% UKIP,,,,% Others,,,,Winner,,,,Winning Majority,,,,Turnout,,,,% Con,,,,% Lab,,,,% Lib Dem,,,,% Green,,,,% UKIP,,,,% Others,,,
Codes,Names,2004,2008,2012,2016,2004,2008,2012,2016,2004,2008,2012,2016,2004,2008,2012,2016,2004,2008,2012,2016,2004,2008,2012,2016,2004,2008,2012,2016,2004,2008,2012,2016,2004,2008,2012,2016,2004,2008,2012,2016,2004,2008,2012,2016,2004,2008,2012,2016,2004,2008,2012,2016,2004,2008,2012,2016,2004,2008,2012,2016,2004,2008,2012,2016,2004,2008,2012,2016,2004,2008,2012,2016,2004,2008,2012,2016,2004,2008,2012,2016,2004,2008,2012,2016,2004,2008,2012,2016,2004,2008,2012,2016,2004,2008,2012,2016,2004,2008,2012,2016,2004,2008,2012,2016,2004,2008,2012,2016
E09000001,City of London,LAB - Livingstone,CON - Johnson,CON - Johnson,CON - Goldsmith,137,568,965,96,38.3953680728,55.2726701242,48.5236517023,55.5449785816,31.6753926702,48.86981402,54.9718574109,40.4151052176,37.6527050611,32.6180257511,24.7967479675,37.6477371,18.1064572426,11.2446351931,5.8474046279,6.6301527818,3.5776614311,4.0629470672,6.191369606,7.0049005477,3.1413612565,0.8297567954,1.5634771732,2.0755260882,5.8464223386,2.3748211731,6.6291432145,6.2265782646,Con,Con,Con,Con,326,694,552,249,38.1803143093,54.8483419771,48.5236517023,55.5449785816,34.0848806366,43.0144927536,42.5773847126,35.8588779641,19.0097259063,22.8985507246,25.1421351864,28.6581839213,19.6728558798,11.7971014493,10.2653190145,10.3238866397,12.4668435013,12.8115942029,12.4763108023,10.2949681897,6.2334217507,1.5942028986,4.1692987997,4.3956043956,11.5826702034,9.4782608696,5.3695514845,10.4684788895,Con,Con,Con,Con,241,712,537,321,38.1803143093,54.895489549,48.5236517023,55.5449785816,33.8116591928,45.0638792102,43.9759036145,38.1818181818,20.5829596413,24.3902439024,26.9499048827,28.9177489177,23.0044843049,9.8432055749,10.4629042486,12.6695526696,10.0896860987,12.1660859466,12.3018389347,13.5353535354,8.1614349776,1.7421602787,3.2974001268,4.8773448773,4.3497757848,8.5365853659,3.0120481928,1.8181818182
E09000002,Barking and Dagenham,LAB - Livingstone,LAB - Livingstone,LAB - Livingstone,LAB - Khan,4995,1089,8959,12308,30.7406143345,38.7047063723,27.7219832146,36.2901957083,20.0127193363,34.5267136986,31.1900865092,23.2008736544,34.4520567745,36.9200676908,54.4644480815,50.6318393546,9.7736536293,6.7910595372,2.3302938197,2.4961554748,2.2519006735,1.4900771412,2.0990829501,3.2851189017,14.2976902842,1.5450209885,3.4188034188,10.9229089126,19.2119793022,18.7270609437,6.4972852207,9.4631037019,Lab,Lab,Lab,Lab,4030,3985,16035,16129,30.6843003413,38.6697209496,27.7219832146,36.2901957083,15.4607899256,18.7937580932,16.1103085337,14.7033684718,29.0383514596,33.5008669315,57.4760086678,51.3730303097,9.496279336,4.9009064372,2.4636260448,2.6605886607,4.585002862,3.0024361873,3.3071922402,3.4079204015,17.5042930738,2.9936571341,7.0890516975,16.0248964474,40.5724098454,39.8020323508,13.553812816,11.8301957089,Lab,Lab,Lab,Lab,1252,3865,16655,14416,30.6843003413,38.6697209496,27.7219832146,36.2901957083,15.9302325581,18.2764234797,16.0895445135,15.7916648407,31.4014687882,33.7146880225,59.1925465839,51.9216442438,11.9155446756,4.0746281792,3.1599378882,3.4423068496,6.0220318237,3.30678518,4.0579710145,5.4603619791,27.570379437,3.1725776643,6.0610766046,20.3339322494,7.1603427173,40.6274751386,11.4389233954,2.6162408519
E09000003,Barnet,CON - Norris,CON - Johnson,CON - Johnson,CON - Goldsmith,5110,24904,25604,15471,40.331445409,48.2071678052,43.5340702854,49.0252769343,38.9040113811,53.416028416,55.3895667211,48.3154223395,33.1798680423,30.3798053798,30.7916226343,34.6201511959,14.0168699802,9.0492840493,3.631472764,3.7701609334,2.8531101926,2.7592777593,3.7217792295,4.702299807,4.841437869,0.641950642,1.720626381,2.6724855266,6.204702535,3.7536537537,4.7449322702,5.9194801976,Con,Con,Con,Con,12614,22018,6242,12679,40.3393852777,48.0666657858,43.5340702854,49.0252769343,38.4684996704,45.8529592464,41.5218665053,43.3109793174,24.3757471483,25.356989928,35.5262273194,32.1377900367,14.9787167484,9.3459683875,5.7631905023,4.8952651198,7.3614354185,7.0420568577,7.2635410964,6.2435559629,6.5480912107,1.4503006721,4.5269861395,4.9587141007,11.3443641279,12.4020255804,5.3981884371,8.4536954625,Con,Con,Lab,Con,13640,23151,11450,1539,40.3393852777,48.0983778403,43.5340702854,49.0252769343,41.4847312026,49.2337628482,34.2455706952,42.2310546307,25.8197144924,27.6795024579,45.294707994,40.8747609521,15.0379566571,9.960151944,7.3696298298,4.9201998749,6.587575942,6.6289289438,7.8569498591,6.6131434463,7.0228429019,2.2335394012,5.233141622,5.360841096,4.047178804,6.497653806,0,0
E09000004,Bexley,CON - Norris,CON - Johnson,CON - Johnson,CON - Goldsmith,5845,31538,21446,17540,39.2928193606,47.3339386904,38.4856396867,44.0336007089,35.1535784074,59.5022819254,58.5860708015,49.7413444699,26.2304592086,20.7058591972,26.4027492234,26.112084063,14.8510014656,7.3808908735,2.8092501163,3.8825272801,1.8716414265,1.4552656506,2.3095277398,3.5888454803,12.9518808012,1.7505012855,4.0863184117,10.1589653779,8.9414386908,9.2052010678,5.8060837072,6.5162333288,Con,Con,Con,Con,9726,22296,11096,11285,39.2711697795,47.3011804462,38.4856396867,44.0336007089,34.5205854609,45.6633219102,44.4100771024,39.7785178349,19.7227885464,18.1787924361,27.830075907,24.6853642552,12.2706387122,6.9857745125,3.6339728647,4.5326271583,4.4746371299,3.7141589211,4.1928157313,4.2571119047,16.3938167544,4.0568526417,9.1237822007,17.3079752304,21.7782916958,25.4579522201,10.8092761939,9.4384036165,Con,Con,Con,Con,10499,25088,12605,12627,39.2711697795,47.29773221,38.4856396867,44.0336007089,37.8561673599,49.001727542,48.2133500995,43.2601922794,19.8476007201,18.0441757157,29.3438720977,26.3762418602,13.3170898256,6.9373149062,4.2873609677,4.3643948815,4.5036935874,3.2884995064,4.2170027395,4.8818644952,21.5624806009,4.6594274432,7.2828251074,20.1345153569,2.9129679061,22.7282823297,6.6555889882,0.9827911268
E09000005,Brent,LAB - Livingstone,LAB - Livingstone,LAB - Livingstone,LAB - Khan,10706,11844,15774,18728,35.9648366306,40.442146283,35.6034231986,43.4426345375,25.8705304978,32.9289340102,32.3225343143,30.0026773164,43.7418622509,47.9593908629,53.6956492284,50.8946699092,15.9049177044,10.5012690355,4.6664769725,3.9523883894,2.9446132274,3.0393401015,3.6814221644,4.6484906629,2.9345975361,0.8083756345,1.1842337032,1.7357934897,8.6034787834,4.7626903553,4.4496836172,8.7659802325,Lab,Lab,Lab,Lab,4636,9221,23662,21619,36.0740753517,40.4036770584,35.6034231986,43.4426345375,25.8585591102,26.0833153574,21.9931550397,25.3920951845,33.5313880935,37.7837556624,54.0021373591,49.2533359823,18.5266711905,12.8893908056,7.6769070519,5.2558966039,7.4063653366,7.2111053306,7.225085562,5.8640442369,4.0482613661,1.0151124872,2.6000027055,3.2217476243,12.8531470846,16.032432844,6.5027122817,11.0128803682,Lab,Lab,Lab,Lab,2459,8479,24904,23382,36.0740753517,40.404676259,35.6034231986,43.4426345375,28.4581762843,28.8751287365,20.1653633105,25.9724491148,32.8095415052,39.6559396814,53.9765938959,51.7815356086,20.0934331369,15.4445701789,12.5,7.6846659897,6.913698218,8.3179697135,8.8478874769,6.6437811824,4.2593477376,1.6084120586,4.5101553166,4.2242483112,7.465803118,7.7063916897,0,3.6933197934
E09000006,Bromley,CON - Norris,CON - Johnson,CON - Johnson,CON - Goldsmith,12693,49844,45978,31759,43.1363879542,51.838404127,37.8974141585,49.8343965462,38.2352324875,61.677674259,64.9966468105,52.896130916,24.936613373,19.9542954722,19.6516627875,25.1333111876,19.3868784444,9.4857822087,3.8226360014,5.2817455461,2.1331433481,2.2157488093,3.3127539548,5.1086595451,8.9118454414,1.2397143886,3.0444987968,6.3141423501,6.3962869057,5.4267848623,5.171801649,5.2660104551,Con,Con,Con,Con,19564,45071,32485,26601,43.1434622476,51.757717778,37.8974141585,49.8343965462,39.7698436733,51.4452809895,51.8243077074,44.3182608696,13.909629181,13.5730371067,19.8681815946,21.1869565217,19.3398147471,11.4034350632,6.7266735527,6.9956521739,5.9314334646,6.2970556601,6.8358664109,6.8869565217,11.7124925596,3.2602850229,7.5451281295,12.02,14.5560301166,17.2811911804,7.1998426049,8.592173913,Con,Con,Con,Con,18442,49829,35163,29042,43.1434622476,51.7568594126,37.8974141585,49.8343965462,42.1760572324,55.0424690943,55.5341741173,47.9099650502,12.7619269356,12.8685560508,20.83407346,22.660882266,22.6590610845,13.1376671432,8.4196814495,7.7211316096,5.4681877831,5.5470523926,6.3078532378,7.8541496409,13.5556449223,3.5699268354,5.8282511299,13.4122167933,3.3791220421,13.4042553191,3.0759666055,0.0504251361
E09000007,Camden,LAB - Livingstone,LAB - Livingstone,LAB - Livingstone,LAB - Khan,11117,7098,1119,16676,35.3235001107,47.3944249708,41.5906989882,46.6150857798,23.4013851977,34.3050546683,39.5334599626,27.2841301063,45.7840057985,44.4630488294,41.2900491343,51.0533367542,15.2472416848,11.1955463965,4.7941227258,5.1298497677,4.7213497624,5.6571641193,7.7468879017,8.4480743465,3.185149392,0.4894384338,1.2103040673,2.0339804441,7.6608681646,3.8897475528,5.4251762083,6.0506285812,Lab,Lab,Lab,Lab,1830,2435,9068,14419,35.3663936241,47.2829243866,41.5906989882,46.6150857798,22.7015643803,26.8195040465,27.67092341,23.6649659864,26.3718411552,30.3260274762,41.8970223714,44.1000566893,20.5294825511,14.3227441606,8.245740642,7.0195578231,14.8275170477,15.1075717865,14.549276772,12.0082199546,4.5888487766,1.0454768008,2.7501490383,3.5119047619,13.7845968712,13.4241525302,4.8868877663,9.6952947846,Lab,Lab,Lab,Lab,2121,3458,9849,17779,35.3663936241,47.272909364,41.5906989882,46.6150857798,24.0153458018,28.5991092602,28.1900980114,24.5667281237,28.4376889556,33.5993984614,43.7096215058,49.7815912637,21.9115531369,16.6507605992,9.7113233116,7.9719188768,12.895894581,13.9713112384,15.3824335823,13.461920295,5.3585204645,1.8494418416,3.0065235889,4.2178414409,7.3809970601,7.1794204407,0,0
E09000008,Croydon,LAB - Livingstone,CON - Johnson,CON - Johnson,CON - Goldsmith,515,16909,9697,746,37.2998680516,45.0176154124,38.6164491818,45.3212990221,33.4167695462,48.2064749913,47.6613999148,40.8249797158,34.0000679571,32.7336615362,37.8273127396,40.1741391194,14.0897713244,8.869713219,3.5657059408,3.922492388,2.5189430406,2.4889734815,3.3365109628,4.9772729256,7.3518252143,1.1621310005,2.5606961037,4.0786592335,8.6226229174,6.5390457715,5.0483743383,6.0224566179,Con,Con,Lab,Lab,10041,17752,2350,2798,37.3878336218,44.9543702034,38.6164491818,45.3212990221,35.0787343966,41.8540278452,36.3274967378,35.0310806365,23.77677476,25.5831645326,38.7046197109,37.4534656208,14.1046565289,8.8320211177,5.0314083695,4.9876196908,6.3403982306,6.0447467072,6.4738668204,6.3771578966,9.533671758,2.5333858831,5.8042262212,7.3320866448,15.5420235697,17.6860397973,7.6583821402,8.8185895105,Con,Con,Lab,Con,14877,22439,484,289,37.3878336218,44.9442347532,38.6164491818,45.3212990221,40.7095770856,45.9702095987,39.7663608314,39.3144934435,23.443665568,25.3512455549,40.2575917506,39.0643527935,14.5896197948,10.606742812,6.7300665801,4.5492707837,4.9254909243,5.8478135022,6.9421890224,7.6496299823,10.2444176222,4.7056337122,6.3037918155,7.9880555676,6.0872290052,12.2239885323,0,1.4341974294
E09000009,Ealing,LAB - Livingstone,LAB - Livingstone,LAB - Livingstone,LAB - Khan,12308,2129,4926,18298,38.1753440388,42.0252129292,39.310152685,47.8524022893,25.8870023788,39.3298588444,40.0518706545,31.5355526626,41.3779215385,41.6082531597,45.4883566935,47.7403756742,14.8427372157,9.6047858053,3.7081999779,4.0861871994,3.2056687601,3.4031441628,4.1739322371,5.3083238131,4.8506664317,0.8850315165,1.6113011809,2.4106201901,9.8360036751,5.1689265113,4.9663392562,8.9189404607,Lab,Lab,Lab,Lab,5488,161,17928,22822,38.165620196,42.018177581,39.310152685,47.8524022893,24.7208931419,32.7958543453,28.4977433914,26.5539974885,31.6128546133,32.9682330646,48.08925898,46.4559787917,16.1875698552,10.1403655285,5.7874088887,5.3988767964,8.627510078,8.3940941552,7.905233365,6.9101437142,6.5101910108,1.3972312337,3.3472117497,4.4788614483,15.7254266662,15.7014529063,6.3731436252,10.2021417608,Lab,Con,Lab,Lab,1738,4196,14383,24312,38.165620196,42.0133407791,39.310152685,47.8524022893,26.8598882038,36.6258769432,31.2007097792,28.2960443107,29.1350848944,32.1178783614,46.9549596916,49.5023769026,17.4697927712,12.2884861247,7.6586049772,7.7962405687,7.9003521449,8.6582365517,7.9587276551,9.1054995857,7.2431894645,1.9091309533,3.3429723098,5.2998386323,11.3916925212,10.3095220189,2.8840255871,0
E09000010,Enfield,CON - Norris,CON - Johnson,CON - Johnson,LAB - Khan,227,11585,707,10191,36.8585777713,45.1307702173,37.8512396694,43.4399521213,34.3634672943,47.3526562517,43.9485560144,35.2605370001,34.0336500741,34.4527709421,43.0447066645,46.6902940715,12.0463197048,8.0951373501,3.043939607,3.3624189677,2.6646906692,2.5298696093,3.3686605899,4.6768802853,7.1658966088,1.0901154698,2.1298628246,3.7415042283,9.7259756487,6.4794503769,4.4642742997,6.2683654472,Con,Con,Lab,Lab,5123,9648,9746,14147,36.8409012925,45.0888408757,37.8512396694,43.4399521213,33.1614301192,40.1857267228,33.079611157,29.769438421,25.7609245215,29.4171484698,45.4641336807,45.4208523255,12.1040086674,7.2114204076,3.7511913082,3.9961056777,6.4947634525,5.9390137732,6.0003812186,5.5748550693,9.7248104009,2.074915731,4.6661160175,6.6856219852,18.9064644276,17.2466906266,7.038566618,8.5531265212,Con,Con,Lab,Lab,5899,11403,10180,15915,36.8409012925,45.0878543029,37.8512396694,43.4399521213,35.8974739529,43.5249667445,34.7917966214,32.0510553652,27.1423906913,30.7783453873,47.7511998269,49.6386341032,11.7872302532,7.8125174661,5.0819192138,4.2258813129,6.1518596575,5.3924144021,5.5733071939,5.937672671,12.6035204369,3.9761231402,3.9132814787,7.4251298486,6.4175250082,12.491756,2.8884956653,0.7216266991
E09000011,Greenwich,LAB - Livingstone,CON - Johnson,LAB - Livingstone,LAB - Khan,9511,327,3974,13311,34.9223603466,43.3686143212,37.139771135,43.2688045743,21.7522882977,39.3070892692,38.2948717949,29.4528247628,39.4107053341,38.8476776532,44.6634615385,46.8523698727,15.4675925066,9.2992216696,3.9038461538,4.4521711851,3.0448747702,3.0065469668,4.3669871795,6.2377454184,9.5802157405,1.2742701396,2.5769230769,5.6390682597,10.7443233508,8.2651943016,6.1939102564,7.3658205014,Lab,Lab,Lab,Lab,5101,3408,13511,16942,34.9217283592,43.3098126748,37.139771135,43.2688045743,20.3042498985,27.9814326583,24.8748311214,22.5684705761,29.7215965735,32.7607000617,46.3498370818,44.4661298453,14.6217184211,9.3341560554,5.4359055869,5.3393478008,8.861647528,8.1393392046,8.2762457284,8.0561982189,11.8173762139,2.7794917821,5.6743224986,9.3525830759,23.1048997526,21.78437202,9.388857983,10.217270483,Lab,Lab,Lab,Lab,5356,4949,14910,20543,34.9217283592,43.3146128092,37.139771135,43.2688045743,22.9049218913,28.8623595506,24.6081804281,23.2009605205,33.0713892527,35.8132022472,48.3562691131,49.7224302202,15.8893760796,10.3609550562,6.0445336391,6.0716775543,8.2341552303,7.4676966292,7.0336391437,9.3702393555,15.2591917696,3.3679775281,4.4597349643,10.9220480777,4.6409657764,17.4957865169,9.4976427115,0.7126442717
E09000012,Hackney,LAB - Livingstone,LAB - Livingstone,LAB - Livingstone,LAB - Khan,15163,21320,24440,42167,33.4300165969,43.5317326197,39.4613569109,46.1751092448,16.2035568783,22.6833666044,22.1966798321,12.0936921064,53.1946036935,57.0062463777,59.9034189089,66.7219422457,10.4144812276,8.4664176702,3.5454208837,2.8967858114,5.5036471421,6.1240260158,9.0934337201,10.1931622381,3.1958234734,0.5473629983,0.919526043,1.3823213152,11.4878875851,5.1725803336,4.3415206122,6.7120962831,Lab,Lab,Lab,Lab,7446,13841,26426,34299,33.3928712558,43.3965387613,39.4613569109,46.1751092448,14.5535692629,17.0272843151,14.6941479119,9.7076249356,34.8097120819,39.8438130274,56.9866136759,59.1718186502,14.1072598055,10.0295270826,4.5612089283,3.85625966,16.7487326267,17.51133485,16.279248887,14.9948480165,4.1526184297,0.9551930555,1.7483864011,2.2746007213,17.9639556601,15.5880407248,5.7303941957,9.9948480165,Lab,Lab,Lab,Lab,7182,15333,25850,37574,33.3928712558,43.4055057009,39.4613569109,46.1751092448,15.0805723862,17.8111483695,14.6062894639,9.7760540151,34.5210777362,42.6495601886,58.3524204531,64.2691475106,14.6448369215,12.9545933162,4.7898353349,4.6683331615,16.0036096429,16.8553887026,18.3468490776,15.8540356664,5.1772592497,1.8289028203,2.2440262474,2.7729100093,14.5726440634,9.7293094231,1.6605794231,0.8040408205
E09000013,Hammersmith and Fulham,CON - Norris,CON - Johnson,CON - Johnson,CON - Goldsmith,561,10266,12846,768,37.2263347184,55.2200646953,43.7688505693,46.6978148816,36.5617082881,50.2291800074,54.5896377808,41.0893388615,35.2081071299,32.9294597418,31.0298028427,39.7680940011,14.4166968271,8.8638738162,3.7615772581,4.3164106181,3.739896248,3.8690977722,4.6070609812,5.9163555663,3.8581252262,0.5847460483,1.267308574,2.2829322002,6.2154662806,3.523642614,4.744612563,6.6268687529,Con,Con,Con,Con,4819,10942,5136,772,37.2210971053,55.0688647173,43.7688505693,46.6978148816,35.6959103695,43.2298940627,43.0578512397,36.9176426208,24.1098261727,24.5937936438,33.6253443526,35.5938887841,15.7766931936,9.2005313894,6.2185491276,5.673965603,10.2517250499,9.8051572027,9.0376492195,7.9510965552,5.4336066165,1.0525598665,3.0449954086,3.9798350452,11.6966797298,13.1706237013,5.015610652,9.8835713918,Con,Con,Con,Lab,6387,13042,5607,75,37.2210971053,55.0331265406,43.7688505693,46.6978148816,38.5619926385,47.8436542314,45.1636095493,39.1025861181,22.4600413452,25.5149035251,34.8271730113,39.2313768589,16.4750668078,10.4812614494,7.0679325283,7.0079335096,10.1169767559,11.2414182746,9.4017881832,9.5751622763,6.8169212928,2.0339331267,3.5394967278,5.0829412371,5.5690011597,4.9187625195,0,0
E09000014,Haringey,LAB - Livingstone,LAB - Livingstone,LAB - Livingstone,LAB - Khan,17222,18029,18319,32686,35.2070203747,47.9787393322,38.9684481499,47.3583864934,17.5513449567,25.6338639653,26.4996423081,17.677651972,50.9512635029,51.7250361795,54.3828673191,60.0702955786,14.9040978997,12.0868306802,5.4460494071,5.2436351374,4.5303803115,5.002894356,7.5800240491,8.783056431,2.8450633206,0.5557163531,0.8934686982,1.2956694292,9.2178500087,4.995658466,5.1979482184,6.9296914517,Lab,Lab,Lab,Lab,5719,11890,24395,30479,35.2665374925,47.9311001919,38.9684481499,47.3583864934,15.9768563163,18.3574809304,16.0660297497,13.7353069221,32.9218900675,35.8219108686,52.9432216713,52.7619145177,21.8919961427,18.6122248115,10.4138952715,8.2498911624,13.4503375121,13.5940598359,13.393397025,12.4356577633,3.843780135,0.9219991605,1.9621477809,2.5173499962,13.6489874638,13.6143235537,5.2213085016,10.2998796384,Lab,Lab,Lab,Lab,3889,8570,26561,35237,35.2665374925,47.9345029877,38.9684481499,47.3583864934,16.7703643062,17.8964485873,15.0881390841,13.9697322468,32.0650839132,36.4883700671,55.3125757209,59.0477043329,24.1056078592,24.0453581903,14.5520353768,10.5080018933,12.6176831764,11.1057873799,11.9638962927,12.8388491602,4.4207941056,1.6334175451,1.8536467167,2.9717663012,10.0204666394,10.4640357755,1.2297068088,0.6639460656
E09000015,Harrow,LAB - Livingstone,CON - Johnson,CON - Johnson,CON - Goldsmith,789,7807,7468,10627,40.1714192151,45.9215806982,41.2295652863,49.0459498196,34.537784004,47.1179228557,48.9206415914,48.0520413171,35.8082540296,36.8648464074,38.4590600266,35.3325593364,13.9445759464,8.1780334371,3.3144217973,3.5033333732,2.4024604286,2.2063748473,2.8199201513,3.7893930508,5.2541745165,0.9245761265,1.9009595853,2.5637649762,8.0527510748,4.708246326,4.5849968481,6.7589079462,Con,Con,Lab,Con,5839,7475,2122,5810,40.1701597058,45.8541003208,41.2295652863,49.0459498196,36.1687468957,40.8434824788,37.851923265,41.9007841597,26.8133241472,31.0439308329,40.8168112783,34.9873273123,14.508195408,8.5436358631,4.9349596904,4.493151989,5.7504045632,4.9935106648,5.2521272582,4.56692726,7.2581032798,1.5574404489,4.4850567967,5.035757208,12.8867383398,14.5754401605,6.6591217113,9.0160520711,Con,Con,Lab,Con,7145,6830,4892,2627,40.1701597058,45.8487729226,41.2295652863,49.0459498196,39.1235072849,43.7755905512,36.0587559862,42.3482551572,27.3871121405,34.812335958,42.9089534265,39.2247785506,15.4848141395,9.3858267717,9.0780519226,5.4360620653,5.0395045911,4.7073490814,5.6417509172,4.5835562689,7.8713513691,2.3044619423,6.3124877475,6.2386302836,5.0937104749,7.3188976378,0,2.1687176743
E09000016,Havering,CON - Norris,CON - Johnson,CON - Johnson,CON - Goldsmith,8577,35441,26303,24331,38.4896017021,47.2385076616,36.9248468338,43.2511244539,38.1273535403,60.2227336139,61.6454298589,52.472036786,24.8904253349,17.9641575351,22.4001074274,21.6510646922,10.965183036,6.6390833105,2.68419325,3.4809926149,2.0155565158,1.4439529255,2.2201665125,3.6330010261,13.0471016729,2.080675355,4.8864551938,12.0352659514,10.9543799,11.6493972599,6.1636477575,6.7276389294,Con,Con,Con,Con,10620,23299,13907,14628,38.4901798671,130.0538529869,36.9248468338,43.2511244539,34.8000924428,44.6574361423,44.4618156371,40.2108093168,17.7443956552,14.7159226546,23.7548577299,20.2241262343,9.4106771435,5.2613989019,2.9243161954,4.0051257569,4.8470842,4.0857006445,4.3164932029,4.2626699163,18.4377166628,5.478634519,11.820848409,21.8334631523,25.9764270857,31.2795416567,12.7216688257,9.4638056233,Con,Con,Con,Con,10192,32963,13010,13423,38.4901798671,130.0483011326,36.9248468338,43.2511244539,34.76644855,53.7644857122,42.2813483951,42.7074049433,18.8496556463,14.2205907052,22.8672048707,22.1859583495,7.5461090375,3.5245567312,1.7906973274,3.8323939596,3.5216216638,5.1188848101,2.6785847522,5.4165672897,17.9251323536,11.0931164375,9.2862578903,25.8576754579,17.3910327487,23.3714820413,21.0959067644,0
E09000017,Hillingdon,CON - Norris,CON - Johnson,CON - Johnson,CON - Goldsmith,2458,22577,17141,12680,36.2214789877,43.092671102,36.3741990349,43.4620781625,34.6515300777,54.5055796459,55.4141274238,47.5805509475,30.8079623462,26.2924409232,31.6731301939,32.7671207271,12.8473362418,8.4713144971,2.9847645429,3.2325521624,2.3220903504,2.060657561,2.487534626,3.9790649314,9.1179184063,1.1471701886,2.7409972299,5.7314423234,10.2531625776,7.5228371843,4.6994459834,6.7092689082,Con,Con,Con,Con,7869,18998,6875,6659,36.2589468232,43.0773220703,36.3741990349,43.4620781625,33.8134088998,45.042157254,42.5924907165,40.0527954985,21.5613614424,21.3467870684,33.137120066,32.3430318047,13.5163329493,8.0934444223,4.6142208775,4.0094476155,5.5647245664,5.0314308521,4.8672809792,4.809484665,12.2909725033,2.4870285372,6.2659881722,10.0600896134,21.6968206022,20.4861804031,8.5228991886,8.7251508029,Con,Con,Con,Con,12754,24442,11273,8379,36.2589468232,43.0704414699,36.3741990349,43.4620781625,39.1471026202,50.7356982263,46.8729745011,43.6809432258,18.9430662485,20.2060954284,31.3267965744,33.9765120104,15.9918258721,8.2013489883,6.6374305297,4.8829075074,5.3226879574,5.6794903822,4.9797967261,6.1603854439,14.5185818839,3.3574818886,5.0997752127,11.2992518126,6.0767354181,15.1773669748,5.0832264559,0
E09000018,Hounslow,LAB - Livingstone,CON - Johnson,LAB - Livingstone,LAB - Khan,6130,3333,156,5498,32.7337464733,38.2145507453,34.0653232925,42.5021857157,26.8951840258,42.5243626725,42.872543735,36.108980775,38.813602162,37.3275122788,43.1273582594,43.2556446686,14.1698909261,9.7700163717,3.5085999902,3.3952502892,3.2158341921,3.0919154908,3.6049721501,4.6327228295,6.5599906675,1.1351056365,2.1953251335,3.9151967347,10.3454980266,6.1510875497,4.6912007318,8.6922047029,Lab,Con,Lab,Lab,1862,2575,9651,10690,32.8064361132,38.1625462343,34.0653232925,42.5021857157,25.4834426892,33.6827633614,30.1619794967,28.9321761491,29.0662100017,29.6598915777,45.8416597618,42.6769527483,15.9319620558,10.6906841225,5.4247697032,4.5760205722,7.4022050759,7.2255464075,7.0380659941,6.2153648345,8.7837447807,2.0575231608,4.7781514516,6.8492446159,18.7662350157,18.7411145308,6.7553735926,10.75024108,Lab,Con,Lab,Lab,505,5068,8551,10946,32.8064361132,38.1362518187,34.0653232925,42.5021857157,27.9805451414,36.8302206332,32.7967511498,31.6658952998,29.0039517682,28.8830346082,46.7429950745,45.738198087,18.2044786706,13.5343651503,7.0505920344,5.7788234084,6.7200324248,7.3136692227,8.0275304172,7.7213822894,11.2007295572,2.5356353201,5.382131324,8.4477527512,6.8902624379,13.4387103856,0,0.0694230176
E09000019,Islington,LAB - Livingstone,LAB - Livingstone,LAB - Livingstone,LAB - Khan,11969,11746,11936,31773,31.5132031412,45.9300451926,40.8182259101,48.7985745355,17.2825632448,29.2714463324,29.7856349258,16.9909740144,48.562617604,48.7426440116,49.2876282596,60.3771523767,15.8085929333,11.3999171156,5.3101104503,4.6235986509,5.0151578507,5.9709904683,8.6023789295,8.7419605915,4.3670290613,0.5238292582,1.132278936,2.3718815288,8.9640393059,4.0911728139,5.8819684988,6.8944328377,Lab,Lab,Lab,Lab,2120,8588,19733,28816,31.5515890152,45.8161269289,40.8182259101,48.7985745355,14.0681747432,19.928097069,18.2978723404,13.8804733245,27.9988585659,34.2221334532,50.4703676531,53.0289238795,22.4992217495,14.6269203242,7.9546751447,6.2684255574,17.1318875169,16.4344801185,15.3207793266,12.3860502398,6.3557123586,1.3381934389,2.6901442896,3.9031613841,15.4171422642,14.7883690351,5.2661612456,10.5329656147,Lab,Lab,Lab,Lab,1701,9708,20941,32740,31.5515890152,45.8213731648,40.8182259101,48.7985745355,13.9597897361,20.9409486285,18.3792815372,14.0195305062,29.0548962228,37.1487720587,52.6823594935,58.547996627,24.4458895573,18.2162712657,7.4303405573,8.1141364959,15.9350783071,15.3713875486,17.3030615755,12.6839485352,7.9336693221,2.629513999,3.0648516717,4.7207790441,8.6706768547,8.3226204985,1.1401051649,1.7177597041
E09000020,Kensington and Chelsea,CON - Norris,CON - Johnson,CON - Johnson,CON - Goldsmith,7820,19620,18851,10843,34.8186774117,43.1484588467,36.1824991237,42.9822675981,48.6408782018,65.3455101674,68.8902114006,55.5990842025,25.9307661033,21.2119848839,20.1128160012,28.0157720682,13.1352732764,7.5760302321,3.187828292,4.0752989061,2.9389556833,2.7735288825,3.3818925143,4.5331976596,3.1916129407,0.4836242577,1.1203974435,1.8366827779,6.1625137945,2.6093215764,3.3068543483,5.9399643857,Con,Con,Con,Con,11642,18721,13728,10761,34.8700323931,42.9787642011,36.1824991237,42.9822675981,48.8645579886,56.7021542233,57.4168897668,50.7683710534,15.1430888657,14.2056159626,21.7347230525,23.4346821103,13.7846136021,7.9971852087,5.5077586879,5.5957733242,8.8170548025,8.0335050961,7.6339250903,6.6880032513,4.8372146912,0.9420470797,3.2958178463,4.0691914958,10.7809060364,13.0615395092,4.4108855561,9.443978765,Con,Con,Con,Con,12568,20724,14471,10975,34.8700323931,42.9873927424,36.1824991237,42.9822675981,51.7054472494,62.3037126513,59.6930133167,53.5042865502,14.0298865032,15.0716776443,21.981601647,25.5844717495,14.0688168179,9.100439866,6.7521434342,6.9933094202,8.846165364,9.4514210178,8.1202929143,8.8656541759,5.6299224388,1.7047655947,3.4529486879,5.0522781043,5.7197616267,4.0727488206,0,0
E09000021,Kingston upon Thames,LAB - Livingstone,CON - Johnson,CON - Johnson,CON - Goldsmith,650,11748,13886,10435,43.4912867629,48.2166316636,40.8787953592,51.9196155526,30.442938542,49.3741333433,54.4958151498,47.0878174407,31.9670785753,27.3601169284,25.2208378133,29.2906724882,22.8597556686,14.8109283064,6.5271013851,10.3013661249,2.7223485825,2.8426338867,4.7245588514,5.2120819334,5.5431800596,0.8807105648,2.5825901798,3.0204833456,6.464698572,4.7314769704,6.4490966205,5.0875786673,Con,Con,Con,Con,789,8913,7311,8515,43.5282368802,48.1361991152,40.8787953592,51.9196155526,30.9170183497,39.7056609455,39.0006954249,37.131790847,15.486488377,15.0143029208,23.5938718311,22.6667346176,29.0773858099,22.9317223728,14.6439635007,17.1644072979,7.4727785679,7.3716501054,9.1332476345,7.9451635919,8.0673366131,2.0758054803,6.140813015,6.5012061292,12.4227657441,14.9766636555,7.4874085938,8.5906975164,Lib Dem,Con,Con,Con,531,6394,8556,10104,43.5282368802,48.1451360651,40.8787953592,51.9196155526,33.1516046091,42.1520944086,41.2100698117,39.9901389054,12.8202075993,11.4259322098,23.1097947959,22.811432069,34.4157699267,30.0984051578,19.6467103871,20.0214223779,5.9018188744,6.124872752,10.0105775333,9.2643283404,8.8562994001,2.2508765977,6.022847472,7.4145230121,4.8542995905,10.1986954719,0,0.4981552952
E09000022,Lambeth,LAB - Livingstone,LAB - Livingstone,LAB - Livingstone,LAB - Khan,18873,16624,14921,33935,32.2004372523,41.0617176964,36.959237538,44.6260371652,18.517333504,28.9829363068,30.7307620179,21.4263809952,48.7097857908,49.0442400985,49.3855097831,56.1148137548,17.6134636612,12.772427775,5.9273613803,5.3880279675,4.1945959782,4.6339874013,7.0800775145,9.1722206321,3.4922971092,0.5020153018,0.9976870663,1.4494827657,7.4725239566,4.0643931166,5.8786022379,6.4490738848,Lab,Lab,Lab,Lab,6299,11478,23432,28978,32.2773058071,40.9531506356,36.959237538,44.6260371652,17.063517294,21.5796658492,20.5900322947,18.4881565816,31.8619659207,35.4458364038,49.8073542064,47.9979225646,21.8495676501,16.5637797939,8.6272896171,7.3789690218,13.9210325534,13.7791898716,13.4727365678,13.7080184932,4.6827314344,0.8806794158,2.3504033716,2.5244913338,12.6573626653,12.6315280815,5.1521839424,9.9024420049,Lab,Lab,Lab,Lab,4928,12704,26099,31356,32.2773058071,40.9599665049,36.959237538,44.6260371652,17.1755022835,20.9962902796,20.5734085536,20.1756978486,32.4154775248,37.1275125476,53.2204195489,52.1315084129,24.1715040902,21.7261110976,9.8069874786,9.0305025325,11.6867691587,11.8310986107,11.9022303391,14.8864180671,6.2616056343,1.3978129622,2.3704389377,2.6130468901,8.2891413085,8.3189874645,2.126515142,1.1628262487
E09000023,Lewisham,LAB - Livingstone,LAB - Livingstone,LAB - Livingstone,LAB - Khan,15894,12219,15705,32055,35.2589373843,42.7443380032,37.2663985313,47.3873353111,18.2720801117,30.4779566498,29.1847292064,19.3957866218,45.3404407507,46.5488215488,51.8785041327,56.8292227205,17.0407711434,11.0348274411,4.7916305416,4.8288023169,4.5045812187,4.984743266,6.7597248714,8.9686098655,6.0407370823,0.9732744108,1.7051037512,2.9474962631,8.8013896931,5.9803766835,5.6803074967,7.0300822123,Lab,Lab,Lab,Lab,9472,10646,22515,30924,35.2647778576,42.6712442549,37.2663985313,47.3873353111,16.5795878078,21.2167540923,17.8764004337,14.7243691219,33.1183308089,35.2479110104,50.4242862306,50.7193407207,16.998247077,12.2070801592,6.8319479581,6.1225439985,12.7520890417,14.1115533648,13.4990964944,12.8596703604,7.9358055787,1.7489522102,3.7976147452,5.0027935562,17.1480113685,17.2167013733,7.5706541381,10.5712822423,Lab,Lab,Lab,Lab,8016,11185,23127,33959,35.2647778576,42.6651531093,37.2663985313,47.3873353111,18.0091998288,21.800346373,17.2239299385,14.9811992876,33.568677792,36.5873005381,50.7568727526,54.9714205888,19.2768506632,14.2740048386,8.1168077949,7.6832632915,12.3609328199,13.603733425,11.6155318409,15.4387026926,9.6544715447,1.9989159318,3.1855353207,6.0837475699,7.1298673513,13.7346148253,9.1013223524,0.8416665697
E09000024,Merton,LAB - Livingstone,CON - Johnson,CON - Johnson,LAB - Khan,5727,3062,4085,4553,40.592490733,48.9151576484,41.3067438883,49.166044975,28.7443725646,42.8471404949,45.2267323226,37.4100223393,39.5774221617,38.2856376719,38.337914636,43.6884635539,13.5512427647,9.4641500439,4.0287357291,4.776745084,3.0908334279,2.9838961968,3.5919661377,4.9463581456,6.2648961525,0.8804206951,1.8432014031,3.1385311233,8.7712329285,5.5387548974,6.9714497715,6.039879754,Con,Con,Lab,Lab,862,3875,3690,6458,40.5872593567,48.9065449404,41.3067438883,49.166044975,29.2501603834,35.925438334,33.9400464287,31.4914398595,27.6236839126,30.1283585662,40.1473606298,40.3506365233,14.8779199215,9.7076775776,6.897015779,6.4530289728,8.685233405,8.0037101311,7.5648487703,6.8851514486,8.3229555832,1.8655376698,4.3417555428,5.7451712028,15.9006000226,16.2348153911,7.1089728493,9.074571993,Con,Con,Lab,Lab,3463,4599,2779,7408,40.5872593567,48.9015208607,41.3067438883,49.166044975,33.5184319227,39.2025480004,36.3200135169,34.738011327,26.7711012392,32.2932003245,41.0154599983,44.8966718319,14.9715532694,10.6772633034,8.5714285714,6.1914622273,7.5598160705,7.7867251585,7.0423249134,6.8551760076,9.7926895799,3.9902647156,3.360648813,6.2997956749,7.3864079183,10.0402632132,3.6901241869,1.0188829313
E09000025,Newham,LAB - Livingstone,LAB - Livingstone,LAB - Livingstone,LAB - Khan,14180,24613,35249,38929,32.4140109874,36.108147315,33.0119151182,42.7228027044,14.6036504383,22.0861929451,18.4155832335,17.4233385404,43.3195461617,58.9684418737,71.8904076338,65.3070763478,8.8358061701,6.1018371445,2.1436048364,2.2915411014,2.6998823663,2.3945814727,2.4728067115,4.4736097615,5.1322430084,1.0804087871,1.3547339836,2.5584570536,25.4088718552,9.3685377768,3.7228636012,7.9459771953,Lab,Lab,Lab,Lab,7126,19735,41488,42250,32.5064502729,36.0913281369,33.0119151182,42.7228027044,12.9280470992,14.6348693474,10.1442091032,12.7977926877,34.0835413794,43.8853399339,72.466576536,64.1518378063,9.0826098297,5.1223524878,2.4335286165,2.8891968106,5.7700190036,4.7236508619,4.4885083371,5.4356281602,6.4779967955,1.2301946079,2.3569175304,4.0147316219,36.8521071655,31.633787369,8.1102598768,10.7108129133,Lab,Lab,Lab,Lab,6856,14660,40648,42227,32.5064502729,36.0850209451,33.0119151182,42.7228027044,15.2360083628,14.0365189789,9.914390788,13.6031601337,34.4142007076,40.4897874423,71.1792367517,64.9273776967,10.1419266645,5.5445955768,3.1108699584,3.967183227,5.5423769701,5.026921993,4.6391752577,7.3132786387,9.3900771952,1.3320082472,2.268342678,5.3649346703,25.2754100997,34.902176009,8.8879845662,4.1677301732
E09000026,Redbridge,LAB - Livingstone,CON - Johnson,LAB - Livingstone,LAB - Khan,1178,5946,1227,8743,39.4012043446,43.8566832376,36.9855549123,46.9018963427,32.7922077922,45.119005285,43.2398044599,37.2689667312,34.5306965762,37.8278623193,44.8831447131,46.8876518219,12.3804604486,8.0697968143,2.9893524409,3.171756733,2.3317591499,2.0784539736,2.8045268868,3.7647421229,6.4654663518,0.9711714142,2.007634099,3.0705421581,11.4994096812,5.9337101936,4.0755374004,5.836340433,Con,Con,Lab,Lab,4526,5733,11215,13213,39.4197760144,43.8022685129,36.9855549123,46.9018963427,31.5313991921,37.0190067443,31.9969571194,31.2556044004,24.882849798,29.9889638259,46.9644596885,45.7045688166,13.1634226956,7.8503985285,4.0091286418,3.8569210244,6.0433345575,5.3022685469,5.1835737832,4.6508321851,9.3000367242,2.0944206009,4.5402981489,5.8165474706,20.4377524789,19.8393623544,7.3055826182,8.7155261028,Con,Con,Lab,Lab,6514,10062,9111,14910,39.4197760144,43.8049100044,36.9855549123,46.9018963427,34.3892580457,41.4127253499,33.3779246318,33.33625171,24.4158985822,29.0390811382,45.5660642382,49.653625171,13.4948096886,11.6886790133,7.0030634222,4.4344733242,5.7476191934,5.9753068201,4.5643653098,5.8024623803,10.4403343847,3.6351115374,4.3449761214,6.7731874145,11.5120801053,11.8842076785,5.1436062767,0
E09000027,Richmond upon Thames,LAB - Livingstone,CON - Johnson,CON - Johnson,CON - Goldsmith,403,17042,26964,21980,47.5176782557,54.9447969831,48.1613459123,57.1213163712,33.6235190873,50.706204862,61.4398920924,54.105923363,34.3308468627,26.9916368646,20.110053494,25.6229833223,20.8389644581,15.0828660089,6.8331264082,8.3803081548,3.1733216323,3.563725422,5.2421023589,5.7250968653,3.915752523,0.507910886,1.5818273785,1.8167917169,4.1175954366,3.1476559565,4.792998268,4.3488965776,Con,Con,Con,Con,2904,10467,18073,19295,47.5806979637,54.8274243136,48.1613459123,57.1213163712,34.4179611565,41.0654239511,45.4966775624,43.6521086287,13.9034342656,12.6076097724,17.7616131854,18.6760556088,29.3322358628,26.4611907187,17.1646486503,14.8639552645,10.2327454861,9.3650151386,10.771450056,9.6551634867,6.1014693263,1.3561970672,4.3414207449,4.7583296658,8.4954729339,10.5007604191,4.464189801,8.3943873456,Lib Dem,Con,Con,Con,226,5678,14225,21846,47.5806979637,54.8357539869,48.1613459123,57.1213163712,37.2849049611,43.3858443662,45.4953984425,46.9506505624,9.7562697446,7.9744148372,15.8592138878,18.0693069307,37.6837683768,35.4561197698,23.6033734495,18.6395210202,7.1848361307,6.7887268868,11.4130936625,10.7433518221,5.700570057,1.3518797833,3.6289205577,5.2498574465,2.3896507298,6.39489414,0,0.3473122181
E09000028,Southwark,LAB - Livingstone,LAB - Livingstone,LAB - Livingstone,LAB - Khan,8951,15794,15556,31678,34.6807206624,43.3885320787,38.9683118727,44.3941996643,14.8739452474,29.300959129,29.928508975,19.3826314548,43.1335819485,48.7970769402,49.9305662706,54.9666940004,27.7509494922,12.2773450519,6.6926400247,8.4034463004,3.1981989723,4.1352408932,6.5460577071,8.316951799,4.2361958446,0.5332609152,1.3591009618,2.5296833403,6.8071284951,4.9561170705,5.5431260608,6.4005931052,Lab,Lab,Lab,Lab,2797,13610,24244,29091,34.6668439798,43.3226729329,38.9683118727,44.3941996643,13.5270179776,19.266530839,17.9409878127,15.0892488823,31.6660656948,36.0721121195,49.0429762668,47.5232180884,26.8634420234,17.7316787059,11.5792174471,11.3632056013,10.7350744347,11.4897820584,11.9897370109,11.882755622,6.0646645719,1.2693708711,2.9903784477,4.1853879344,14.9384433112,15.4398962771,6.4567030148,9.9561838717,Lab,Lab,Lab,Lab,547,10944,26603,30887,34.6668439798,43.3063398648,38.9683118727,44.3941996643,13.0370234604,19.2513368984,18.1410858901,16.6291081907,30.9805718475,37.1924513319,52.3928465668,51.0865927397,29.9780058651,23.6137821507,13.5433699417,14.0877752739,9.008431085,10.2385944886,11.1099666534,12.479082532,9.2265395894,2.3065374642,3.2187874184,4.4925143354,7.7694281525,9.7038351303,1.5939435296,0.6225038488
E09000029,Sutton,CON - Norris,CON - Johnson,CON - Johnson,CON - Goldsmith,3812,18473,17649,11668,38.5461030264,57.8661876332,39.902776692,46.2459457594,33.0240185589,50.5424230283,55.4939798184,44.7747188716,25.4004759714,22.0760008629,23.634853873,27.1154631998,23.4085954843,17.1325546275,8.6557033774,12.0684697229,1.941883487,1.9616605541,3.1554055274,4.0500658363,8.2835029898,1.3683853669,3.5128256043,6.3611460052,7.9415235086,6.9189755601,5.5472317996,5.6301363643,Con,Con,Con,Con,2171,9881,9041,9064,38.6145765926,57.766682517,39.902776692,46.2459457594,31.95265095,39.3074728156,37.080675963,34.7674838865,12.9553367154,12.2572684507,20.7923467733,21.1177037528,27.6335422262,24.0672476286,18.4736785212,18.0531293296,5.1725852979,4.9633685509,6.244369978,5.5870128306,11.5229284791,3.5474666461,8.289193961,11.8953677489,16.3553168208,19.4046425542,9.1197348034,8.5793024517,Con,Con,Con,Con,1188,5657,5713,11131,38.6145765926,57.7790105845,39.902776692,46.2459457594,34.9371241115,40.9028346968,37.9284151128,37.2696451443,11.4634590851,9.6237415524,20.0195330162,20.204927296,32.5314379442,32.1544005072,27.5958112532,20.4972500565,3.910252516,4.02857894,6.2342876779,7.0443758005,12.9113257599,6.6792446994,8.2219529399,13.7256083779,4.2464005832,13.2904443035,0,0.7157387177
E09000030,Tower Hamlets,LAB - Livingstone,LAB - Livingstone,LAB - Livingstone,LAB - Khan,6072,20121,20202,34573,36.5576599297,44.6764078318,37.7289184462,46.508411683,20.6573247371,26.2373937932,26.8185228343,17.8540481483,33.0065691798,56.3888930514,59.0658770572,61.2716472642,16.2155016372,7.745792936,3.2738997877,3.5489582941,3.3557729464,3.5949230516,5.2516481236,7.121777242,4.8058736196,0.6938096594,1.0487333791,2.3584372528,21.95895788,5.3391875084,4.5413188181,7.8451317987,Lab,Lab,Lab,Lab,828,9942,26296,32714,36.5828099566,44.6193357589,37.7289184462,46.508411683,19.1737584402,19.4129717192,17.1083113833,14.8978624698,20.8278397059,34.1957355696,58.833423249,55.695507944,17.7554037317,8.6374044666,5.1410618514,4.8025839922,8.7957968756,9.1028042942,10.1885056012,9.6874766169,6.1248951217,0.9739197669,2.4070959348,4.185269249,32.8299172959,28.6510839504,6.3216019803,10.7312997281,Lab,Lab,Lab,Lab,35,7414,25978,31234,36.5828099566,44.6050677407,37.7289184462,46.508411683,22.0732893741,19.0042148846,17.0909843109,16.0213885037,22.1489568695,30.0463190504,58.4269484136,55.0429144335,19.0314560588,11.6095497669,5.9446901951,6.7963469635,8.0791265809,9.1848740747,9.3196066575,12.2284272204,8.9374121717,1.0097850856,2.0558189861,5.2571742688,19.729758945,30.1550422233,7.1619514368,1.3930012618
E09000031,Waltham Forest,LAB - Livingstone,LAB - Livingstone,LAB - Livingstone,LAB - Khan,7441,5942,12256,22567,36.1944917464,42.6540393699,37.6346536525,43.9352092086,23.636755514,35.3070749067,32.6482987052,24.0291513488,37.0015805733,43.4874788331,51.1005721168,53.24134003,14.9382139522,10.3321998431,4.3872327612,3.8238492207,3.4467274948,3.2820738742,5.027100271,7.4354062031,6.8180185358,1.0187645415,2.0249924721,3.33971936,14.1587039299,6.5724080014,4.8118036736,8.1305338373,Lab,Lab,Lab,Lab,1954,3680,18030,24124,36.2296802247,42.5963629233,37.6346536525,43.9352092086,21.1532630603,26.8538208733,21.6069848033,18.2540396704,24.6383790822,31.9354304179,48.655095336,49.2653391781,17.1633937967,11.8188848076,5.8686748976,4.8745998894,9.3227745376,8.9770499047,9.0595418473,9.6065097505,9.3227745376,1.9511723605,4.4225085885,6.1086758108,24.1728646084,20.4148139965,10.3871945274,11.8908357008,Lab,Lab,Lab,Lab,1005,3396,16980,26711,36.2296802247,42.5802135182,37.6346536525,43.9352092086,23.1490920074,29.8906944849,22.6979436773,18.8893037869,25.0462491033,34.5954033498,48.2964481698,53.2827730065,17.6312908219,13.9437263622,8.4514261593,6.0814029847,8.7797787594,8.63499716,10.943436049,10.0060517879,12.3135877978,3.6642976878,4.9779895073,7.3291013739,13.0800015102,12.9351786432,4.6327564373,4.4113670602
E09000032,Wandsworth,LAB - Livingstone,CON - Johnson,CON - Johnson,LAB - Khan,5032,13406,22131,2786,37.2275151703,46.1133536129,40.6840011811,50.7979732595,33.6001598295,47.9844579972,54.6572364793,40.7979201724,40.3023441662,34.7973637616,30.7238101418,43.2783995299,12.8969099627,9.7196537478,3.806681158,3.79194601,3.4176877997,3.8058233327,4.5734246072,5.4292760668,3.3271177411,0.4701947669,1.0911765024,1.6204136506,6.4557805008,3.2225063939,5.1476711114,5.0820445703,Con,Con,Con,Con,8694,18525,11188,3504,37.2313802033,46.0564572852,40.6840011811,50.7979732595,36.5257841574,43.5824645394,44.7589734697,38.4772529444,24.9707602339,25.2586599141,32.6339517947,35.3649654486,14.4537480064,9.689608103,6.3128576383,5.6525678148,10.653907496,10.394864389,9.2043089995,8.5161565381,4.4843168527,0.8862687689,2.5424830935,3.227754783,11.2107921318,11.0744030545,4.5474250043,8.761302471,Con,Con,Con,Con,13415,21694,12760,3107,37.2313802033,46.0672093471,40.6840011811,50.7979732595,42.559715283,48.5838909542,47.5408766032,42.4099919993,24.1968379988,27.0780669145,33.6596934391,39.6479687083,13.9347067278,9.9925650558,7.4312196077,5.5267134856,8.6003695846,8.8634448575,7.7662826496,8.6078762557,4.5185134488,1.6158612144,1.8798342091,3.4527513557,6.1898569571,5.4820322181,1.7220934913,0.3546981954
E09000033,Westminster,CON - Norris,CON - Johnson,CON - Johnson,CON - Goldsmith,3183,13924,15011,3550,34.055890411,47.0899713467,37.7476188194,43.8625343587,40.4883325607,53.836896853,57.3591874423,44.3715376755,33.4613771331,30.8831044658,29.6380424746,38.0071353018,12.5968607193,8.5738777798,3.6269621422,4.247118091,3.218756209,3.146997247,3.7599261311,4.962441062,3.3203081882,0.5769769704,1.3185595568,2.1136987038,6.9143651897,2.982146684,4.297322253,6.2980691658,Con,Con,Con,Con,9535,15442,8252,3946,33.9557990868,46.9982808023,37.7476188194,43.8625343587,41.6188289323,47.2510528236,46.8412002884,40.3844434511,20.5665459684,21.648373512,31.5842993695,33.3285650425,14.201183432,8.9249593792,5.8054615712,5.6736700939,9.109776561,8.7624763736,7.7671159428,7.0916405901,5.1797226883,1.1108532016,3.2318301995,4.1001341082,12.0175748477,13.4131379116,4.7700926285,9.4215467143,Con,Con,Con,Con,10976,17615,9053,3664,33.9557990868,46.9799426934,37.7476188194,43.8625343587,44.8910366619,52.3226527447,49.0180032733,42.9775180179,19.3903629014,22.9413040215,32.1808510638,36.408619886,14.5090841504,9.7059363168,6.7140306502,6.7177023199,8.8169694717,10.2763831668,8.5236571939,8.9443866758,6.1219274197,1.8748019282,3.5634578188,4.9517731005,6.270619395,4.7537237503,0,0
H,London,LAB - Livingstone,CON - Johnson,CON - Johnson,LAB - Khan,143125,149752,82013,238961,36.9495354951,45.2187904508,38.4440476506,46.1076037836,29.1048492074,43.1988931211,44.009146583,35.0315233844,36.7845227147,37.0028209854,40.2955885849,44.2330862882,15.2733346712,9.7957454344,4.155537192,4.6209781356,3.0762692857,3.2023024669,4.4787919266,5.8018969095,6.2063029931,0.9282605799,1.9594516578,3.6339783308,9.5547211279,5.8719774123,5.1014840557,6.6785369515,Con,Con,Lab,Lab,65449,170092,202676,290571,36.9715063627,47.8960050865,38.4440476506,46.1076037836,28.4916553044,34.6320391179,31.9875901181,29.2173036722,24.997624343,27.5819062118,41.1377109529,40.3261336649,16.8814723308,11.4097322937,6.7921620183,6.3302947307,8.5654448138,8.4334083421,8.5424032137,7.9504877515,8.3697867674,1.9322251821,4.516460204,6.5401448803,17.5182018038,17.9429140345,7.023673493,9.6356353004,Con,Con,Lab,Lab,117240,226714,211158,326161,36.9715063627,47.8296280161,38.4440476506,46.1076037836,31.169977778,37.4256375689,32.7167425307,31.0685407387,24.6680985885,28.0039097548,42.2814569341,43.5416564687,18.4251521348,13.7148114794,8.7803605328,7.4885885261,7.6666605663,8.0646589001,8.5439581968,9.0560982549,10.0460244758,2.9914943716,4.3416224384,7.6273312448,8.0240864566,12.7909822968,3.3358593671,0.535964499
